id,version,employee
14ffe7a0-b0c0-4058-9d0d-e41ff05a503b,10,b352c867-9b66-418a-b56b-9308398887f1
176ec19c-d19f-4a1c-a29f-38b25a5175b3,12,ad01032c-c7d1-4423-887b-57c4800472a9
18cfb971-8ee1-4795-8659-d9cfd37447a8,11,0138736b-db68-4828-809a-93a11939bb67
415cb274-62cc-4162-ac71-15bd03f341e1,19,d2a6c3bb-fefb-454d-a90d-f644c4eccc1b
4343c664-40cd-4f90-8a71-9fec21b0e322,3,f0efa094-968b-4f57-b48c-c765b3df39ba
5c246651-7dc9-4f2e-a6b5-6642aa928e2a,2,68a96756-1f36-4b8d-96a1-143dc526b9e5
72f54fa6-6436-4641-bf1b-c44fc74e5202,13,36056db0-30f3-4b26-ba9d-4bbde324ef26
7b709d38-5343-4013-a5b2-9d93ce834447,16,f176117a-8738-4646-a80e-6f92424212d9
a44f70a3-2b23-4cf1-afda-350109e36ab2,7,11a1bf06-e16c-48bc-89d4-927cdcf99234
aa8d0a73-ab09-477a-b4a5-fcce9da0dcc9,19,e4952572-4e53-4d32-8b08-5a6965f328e5
ac16c709-c9df-4627-82d0-73083b49dd93,9,22b0c43e-36ee-45f5-9df7-be248b5b3946
d80085d1-2673-4c84-b299-e87aea0e486a,1,5aab8028-3fef-43ac-b76f-b94f5f0e1678
d839594d-48bf-4161-a386-9494e05a83fa,8,1fbdc964-3e49-426c-924c-b101a12a10b6
e5e894bd-5fb9-4a8f-abda-db489a9c7cfd,10,86406c98-60bf-4a7a-92dc-cd2555e01d93
e86583a5-0fe8-4194-8401-ad6c56df736c,11,8cbf30e9-06e7-4f3f-b2ab-dedef6c5a590
ef9037e9-cff1-43b1-84b7-3510873295f4,7,40c5d5d2-a007-4014-a939-ffa6968ce9af
f17ab73e-e752-4d7e-b66a-301a17f0d1ce,12,297d1b2f-a57d-4989-b711-0de302fce9b9
f2e8cb27-d604-4249-832b-87d23696e1ac,3,f104a26e-8501-486f-9537-0dd5ed7d014b
f3fbad73-f0ab-4c04-9aac-a1a7a5cebd87,18,ad093825-5775-46f1-8b7a-aecbb6528ae5
f5aff1d3-ba5b-4440-98de-90b4b55f7f90,10,18f6bf10-52d9-403a-b97c-fd3fce8b4020
